time,prediction
2023-09-24 22:52:42.169028,0
2023-09-24 22:52:45.582603,0
2023-09-24 22:52:49.032037,0
2023-09-24 22:52:52.511907,0
2023-09-24 22:52:55.928408,0
2023-09-24 22:52:59.319077,0
2023-09-24 22:53:02.756567,0
2023-09-24 22:53:06.145131,0
2023-09-24 22:53:09.582933,0
2023-09-24 22:53:12.971400,0
2023-09-24 22:53:16.438937,0
2023-09-24 22:53:19.834890,0
2023-09-24 22:53:23.262713,0
2023-09-24 22:53:26.652369,0
2023-09-24 22:53:30.084155,0
2023-09-24 22:53:33.477964,0
2023-09-24 22:53:36.907045,0
2023-09-24 22:53:40.295538,0
2023-09-24 22:53:43.721615,0
2023-09-24 22:53:47.161345,0
2023-09-24 22:53:50.554335,0
2023-09-24 22:53:53.992498,0
2023-09-24 22:53:57.384308,0
2023-09-24 22:54:00.819220,0
2023-09-24 22:54:04.209507,0
2023-09-24 22:54:07.646967,0
2023-09-24 22:54:11.073427,0
2023-09-24 22:54:14.517447,0
2023-09-24 22:54:17.913792,0
2023-09-24 22:54:21.354885,0
2023-09-24 22:54:24.746611,0
2023-09-24 22:54:28.182389,0
2023-09-24 22:54:31.575369,0
2023-09-24 22:54:35.005534,0
2023-09-24 22:54:38.485984,0
2023-09-24 22:54:41.883990,0
2023-09-24 22:54:45.321421,0
2023-09-24 22:54:48.710812,0
2023-09-24 22:54:52.148187,0
2023-09-24 22:54:55.541900,0
2023-09-24 22:54:58.981902,0
2023-09-24 22:55:02.370562,0
2023-09-24 22:55:05.849284,0
2023-09-24 22:55:09.243762,0
2023-09-24 22:55:12.681073,0
2023-09-24 22:55:16.070274,0
2023-09-24 22:55:19.503755,0
2023-09-24 22:55:22.891325,0
2023-09-24 22:55:26.330871,0
2023-09-24 22:55:29.722079,0
2023-09-24 22:55:33.192173,0
2023-09-24 22:55:36.628447,0
2023-09-24 22:55:40.020094,0
2023-09-24 22:55:43.460547,0
2023-09-24 22:55:46.849506,0
2023-09-24 22:55:50.280816,0
2023-09-24 22:55:53.672656,0
2023-09-24 22:55:57.109879,0
2023-09-24 22:56:00.535973,0
2023-09-24 22:56:03.970947,0
2023-09-24 22:56:07.366047,0
2023-09-24 22:56:10.795002,0
2023-09-24 22:56:14.188370,0
2023-09-24 22:56:17.611963,0
2023-09-24 22:56:21.004210,0
2023-09-24 22:56:24.429532,0
2023-09-24 22:56:27.859549,0
2023-09-24 22:56:31.279770,0
2023-09-24 22:56:34.709742,0
2023-09-24 22:56:38.135968,0
2023-09-24 22:56:41.554869,0
2023-09-24 22:56:44.942307,0
2023-09-24 22:56:48.379128,0
2023-09-24 22:56:51.767320,0
2023-09-24 22:56:55.221970,0
2023-09-24 22:56:58.615989,0
2023-09-24 22:57:02.052121,0
2023-09-24 22:57:05.438002,0
2023-09-24 22:57:08.875195,0
2023-09-24 22:57:12.270965,0
2023-09-24 22:57:15.705280,0
2023-09-24 22:57:19.095115,0
2023-09-24 22:57:22.575527,0
2023-09-24 22:57:25.972061,0
2023-09-24 22:57:29.408791,0
2023-09-24 22:57:32.798590,0
2023-09-24 22:57:36.230501,0
2023-09-24 22:57:39.617670,0
2023-09-24 22:57:43.007775,0
2023-09-24 22:57:46.438861,0
2023-09-24 22:57:49.865474,0
2023-09-24 22:57:53.307569,0
2023-09-24 22:57:56.698727,0
2023-09-24 22:58:00.131718,0
2023-09-24 22:58:03.521304,0
2023-09-24 22:58:06.960180,0
2023-09-24 22:58:10.349507,0
2023-09-24 22:58:13.786820,0
2023-09-24 22:58:17.213063,0
2023-09-24 22:58:20.658169,0
2023-09-24 22:58:24.048966,0
2023-09-24 22:58:27.482326,0
2023-09-24 22:58:30.871127,0
2023-09-24 22:58:34.338152,0
2023-09-24 22:58:37.770995,0
2023-09-24 22:58:41.159357,0
2023-09-24 22:58:44.629401,0
2023-09-24 22:58:48.023974,0
2023-09-24 22:58:51.455793,0
2023-09-24 22:58:54.845618,0
2023-09-24 22:58:58.282807,0
2023-09-24 22:59:01.674236,0
2023-09-24 22:59:05.113558,0
2023-09-24 22:59:08.500734,0
2023-09-24 22:59:11.979164,0
2023-09-24 22:59:15.384418,0
2023-09-24 22:59:18.817618,0
2023-09-24 22:59:22.208386,0
2023-09-24 22:59:25.624556,0
2023-09-24 22:59:29.012261,0
2023-09-24 22:59:32.426893,0
2023-09-24 22:59:35.853334,0
2023-09-24 22:59:39.282095,0
2023-09-24 22:59:42.707275,0
2023-09-24 22:59:46.097999,0
2023-09-24 22:59:49.529029,0
2023-09-24 22:59:52.917170,0
2023-09-24 22:59:56.349890,0
2023-09-24 22:59:59.738278,0
2023-09-24 23:00:03.159770,0
2023-09-24 23:00:06.587243,0
2023-09-24 23:00:10.009511,0
2023-09-24 23:00:13.398975,0
2023-09-24 23:00:16.834263,0
2023-09-24 23:00:20.229853,0
2023-09-24 23:00:23.669548,0
2023-09-24 23:00:27.059721,0
2023-09-24 23:00:30.493248,0
2023-09-24 23:00:33.927690,0
2023-09-24 23:00:37.365172,0
2023-09-24 23:00:40.759967,0
2023-09-24 23:00:44.151768,0
2023-09-24 23:00:47.587518,0
2023-09-24 23:00:50.975513,0
2023-09-24 23:00:54.403294,0
2023-09-24 23:00:57.790887,0
2023-09-24 23:01:01.249986,0
2023-09-24 23:01:04.644041,0
2023-09-24 23:01:08.082353,0
2023-09-24 23:01:11.470155,0
2023-09-24 23:01:14.909530,0
2023-09-24 23:01:18.297455,0
2023-09-24 23:01:21.734229,0
2023-09-24 23:01:25.122710,0
2023-09-24 23:01:28.595386,0
2023-09-24 23:01:31.989305,0
2023-09-24 23:01:35.420618,0
2023-09-24 23:01:38.813589,0
2023-09-24 23:01:42.202596,0
2023-09-24 23:01:45.632589,0
2023-09-24 23:01:49.021256,0
2023-09-24 23:01:52.446347,0
2023-09-24 23:01:55.873594,0
2023-09-24 23:01:59.312531,0
2023-09-24 23:02:02.703195,0
2023-09-24 23:02:06.140803,0
2023-09-24 23:02:09.529094,0
2023-09-24 23:02:12.966181,0
2023-09-24 23:02:16.356407,0
2023-09-24 23:02:19.789843,0
2023-09-24 23:02:23.218163,0
2023-09-24 23:02:26.660145,0
2023-09-24 23:02:30.052092,0
2023-09-24 23:02:33.494769,0
2023-09-24 23:02:36.927350,0
2023-09-24 23:02:40.317037,0
2023-09-24 23:02:43.759744,0
2023-09-24 23:02:47.147927,0
2023-09-24 23:02:50.624376,0
2023-09-24 23:02:54.020486,0
2023-09-24 23:02:57.459227,0
2023-09-24 23:03:00.850131,0
2023-09-24 23:03:04.286128,0
2023-09-24 23:03:07.674189,0
2023-09-24 23:03:11.109377,0
2023-09-24 23:03:14.496637,0
2023-09-24 23:03:17.952802,0
2023-09-24 23:03:21.349405,0
2023-09-24 23:03:24.783257,0
2023-09-24 23:03:28.175147,0
2023-09-24 23:03:31.609829,0
2023-09-24 23:03:35.040302,0
2023-09-24 23:03:38.468452,0
2023-09-24 23:03:41.891457,0
2023-09-24 23:03:45.331230,0
2023-09-24 23:03:48.773191,0
2023-09-24 23:03:52.165100,0
2023-09-24 23:03:55.599928,0
2023-09-24 23:03:58.989451,0
2023-09-24 23:04:02.414145,0
2023-09-24 23:04:05.806455,0
2023-09-24 23:04:09.241993,0
2023-09-24 23:04:12.668989,0
2023-09-24 23:04:16.107129,0
2023-09-24 23:04:19.498651,0
2023-09-24 23:04:22.936398,0
2023-09-24 23:04:26.326907,0
2023-09-24 23:04:29.764900,0
2023-09-24 23:04:35.173794,0
2023-09-24 23:04:38.582688,0
2023-09-24 23:04:42.015688,0
2023-09-24 23:04:45.459129,0
2023-09-24 23:04:48.852874,0
2023-09-24 23:04:52.288068,0
2023-09-24 23:04:55.681396,0
2023-09-24 23:04:59.119207,0
2023-09-24 23:05:02.509733,0
2023-09-24 23:05:05.939809,0
2023-09-24 23:05:09.371305,0
2023-09-24 23:05:12.814510,0
2023-09-24 23:05:16.209412,0
2023-09-24 23:05:19.627631,0
2023-09-24 23:05:23.020181,0
2023-09-24 23:05:26.456585,0
2023-09-24 23:05:29.845575,0
2023-09-24 23:05:33.280775,0
2023-09-24 23:05:36.752635,0
2023-09-24 23:05:40.146430,0
2023-09-24 23:05:43.562345,0
2023-09-24 23:05:46.954408,0
2023-09-24 23:05:50.377173,0
2023-09-24 23:05:53.768881,0
2023-09-24 23:05:57.205397,0
2023-09-24 23:06:00.595160,0
2023-09-24 23:06:04.063991,0
2023-09-24 23:06:07.458302,0
2023-09-24 23:06:10.904835,0
2023-09-24 23:06:14.294076,0
2023-09-24 23:06:17.728228,0
2023-09-24 23:06:21.117170,0
2023-09-24 23:06:24.534234,0
2023-09-24 23:06:27.924891,0
2023-09-24 23:06:31.400500,0
2023-09-24 23:06:34.837210,0
2023-09-24 23:06:38.255963,0
2023-09-24 23:06:41.673070,0
2023-09-24 23:06:45.062731,0
2023-09-24 23:06:48.478639,0
2023-09-24 23:06:51.868209,0
2023-09-24 23:06:55.306656,0
2023-09-24 23:06:58.734413,0
2023-09-24 23:07:02.178054,0
2023-09-24 23:07:05.570174,0
2023-09-24 23:07:08.991148,0
2023-09-24 23:07:12.382033,0
2023-09-24 23:07:15.815560,0
2023-09-24 23:07:19.204243,0
2023-09-24 23:07:22.636345,0
2023-09-24 23:07:26.069452,0
2023-09-24 23:07:29.502525,0
2023-09-24 23:07:32.894145,0
2023-09-24 23:07:36.325844,0
2023-09-24 23:07:39.716860,0
2023-09-24 23:07:43.107946,0
2023-09-24 23:07:46.531146,0
2023-09-24 23:07:49.923097,0
2023-09-24 23:07:53.402753,0
2023-09-24 23:07:56.797771,0
2023-09-24 23:08:00.230991,0
2023-09-24 23:08:03.622591,0
2023-09-24 23:08:07.057204,0
2023-09-24 23:08:10.445383,0
2023-09-24 23:08:13.877254,0
2023-09-24 23:08:17.266093,0
2023-09-24 23:08:20.736086,0
2023-09-24 23:08:24.130525,0
2023-09-24 23:08:27.570679,0
2023-09-24 23:08:30.959481,0
2023-09-24 23:08:34.421403,0
2023-09-24 23:08:37.849259,0
2023-09-24 23:08:41.239984,0
2023-09-24 23:08:44.669717,0
2023-09-24 23:08:48.099414,0
2023-09-24 23:08:51.544059,0
2023-09-24 23:08:54.935915,0
2023-09-24 23:08:58.370174,0
2023-09-24 23:09:01.759622,0
2023-09-24 23:09:05.179157,0
2023-09-24 23:09:08.568934,0
2023-09-24 23:09:11.995541,0
2023-09-24 23:09:15.425300,0
2023-09-24 23:09:18.868245,0
2023-09-24 23:09:22.261799,0
2023-09-24 23:09:25.697239,0
2023-09-24 23:09:29.087961,0
2023-09-24 23:09:32.525170,0
2023-09-24 23:09:35.954556,0
2023-09-24 23:09:39.343116,0
2023-09-24 23:09:42.799761,0
2023-09-24 23:09:46.194406,0
2023-09-24 23:09:49.633749,0
2023-09-24 23:09:53.022693,0
2023-09-24 23:09:56.461809,0
2023-09-24 23:09:59.853418,0
2023-09-24 23:10:03.289790,0
2023-09-24 23:10:06.677166,0
2023-09-24 23:10:10.156567,0
2023-09-24 23:10:13.551126,0
2023-09-24 23:10:16.969010,0
2023-09-24 23:10:20.357953,0
2023-09-24 23:10:23.785131,0
2023-09-24 23:10:27.175452,0
2023-09-24 23:10:30.610253,0
2023-09-24 23:10:34.025089,0
2023-09-24 23:10:37.500687,0
2023-09-24 23:10:40.895726,0
2023-09-24 23:10:44.287714,0
2023-09-24 23:10:47.725012,0
2023-09-24 23:10:51.116124,0
2023-09-24 23:10:54.552751,0
2023-09-24 23:10:57.941594,0
2023-09-24 23:11:01.380000,0
2023-09-24 23:11:04.810614,0
2023-09-24 23:11:08.253281,0
2023-09-24 23:11:11.644444,0
2023-09-24 23:11:15.075895,0
2023-09-24 23:11:18.465881,0
2023-09-24 23:11:21.890282,0
2023-09-24 23:11:25.279232,0
2023-09-24 23:11:28.718186,0
2023-09-24 23:11:32.147573,0
2023-09-24 23:11:44.896849,0
2023-09-24 23:11:48.323249,0
2023-09-24 23:11:51.787511,0
2023-09-24 23:11:55.212114,0
2023-09-24 23:11:58.680047,0
2023-09-24 23:12:02.090846,0
2023-09-24 23:12:05.536791,0
2023-09-24 23:12:08.936490,0
2023-09-24 23:12:12.438546,0
2023-09-24 23:12:15.862697,0
2023-09-24 23:12:19.316701,0
2023-09-24 23:12:22.762927,0
2023-09-24 23:12:26.211196,0
2023-09-24 23:12:29.646421,0
2023-09-24 23:12:33.073682,0
2023-09-24 23:12:36.507565,0
2023-09-24 23:12:39.961401,0
2023-09-24 23:12:43.397548,0
2023-09-24 23:12:46.794695,0
2023-09-24 23:12:50.232803,0
2023-09-24 23:12:53.625405,0
2023-09-24 23:12:57.070909,0
2023-09-24 23:13:00.477097,0
2023-09-24 23:13:03.911730,0
2023-09-24 23:13:07.344348,0
2023-09-24 23:13:10.788021,0
2023-09-24 23:13:14.180410,0
2023-09-24 23:13:17.620667,0
2023-09-24 23:13:21.010408,0
2023-09-24 23:13:24.446310,0
2023-09-24 23:13:27.837594,0
2023-09-24 23:13:31.254413,0
2023-09-24 23:13:34.728906,0
2023-09-24 23:13:38.159279,0
2023-09-24 23:13:41.561556,0
2023-09-24 23:13:44.949191,0
2023-09-24 23:13:48.382854,0
2023-09-24 23:13:51.769767,0
2023-09-24 23:13:55.198932,0
2023-09-24 23:13:58.585219,0
2023-09-24 23:14:02.054439,0
2023-09-24 23:14:05.443323,0
2023-09-24 23:14:08.880460,0
2023-09-24 23:14:12.267358,0
2023-09-24 23:14:15.705796,0
2023-09-24 23:14:19.092812,0
2023-09-24 23:14:22.525400,0
2023-09-24 23:14:25.911362,0
2023-09-24 23:14:29.378228,0
2023-09-24 23:14:32.766878,0
2023-09-24 23:14:36.197575,0
2023-09-24 23:14:39.585236,0
2023-09-24 23:14:42.975087,0
2023-09-24 23:14:46.397283,0
2023-09-24 23:14:49.784770,0
2023-09-24 23:14:53.218149,0
2023-09-24 23:14:56.640161,0
2023-09-24 23:15:00.071330,0
2023-09-24 23:15:03.460571,0
2023-09-24 23:15:06.883036,0
2023-09-24 23:15:10.270192,0
2023-09-24 23:15:13.704563,0
2023-09-24 23:15:17.092747,0
2023-09-24 23:15:20.516576,0
2023-09-24 23:15:23.942096,0
2023-09-24 23:15:27.360489,0
2023-09-24 23:15:30.750497,0
2023-09-24 23:15:34.206481,0
2023-09-24 23:15:37.635613,0
2023-09-24 23:15:41.022788,0
2023-09-24 23:15:44.449117,0
2023-09-24 23:15:47.835741,0
2023-09-24 23:15:51.309616,0
2023-09-24 23:15:54.700061,0
2023-09-24 23:15:58.125031,0
2023-09-24 23:16:01.515432,0
2023-09-24 23:16:04.949236,0
2023-09-24 23:16:08.340027,0
2023-09-24 23:16:11.768345,0
2023-09-24 23:16:15.154728,0
2023-09-24 23:16:18.620524,0
2023-09-24 23:16:22.011008,0
2023-09-24 23:16:25.440379,0
2023-09-24 23:16:28.829859,0
2023-09-24 23:16:32.257361,0
2023-09-24 23:16:35.683447,0
2023-09-24 23:16:39.078088,0
2023-09-24 23:16:42.498158,0
2023-09-24 23:16:45.920480,0
2023-09-24 23:16:49.356049,0
2023-09-24 23:16:52.745169,0
2023-09-24 23:16:56.181250,0
2023-09-24 23:16:59.569268,0
2023-09-24 23:17:03.544048,0
2023-09-24 23:17:06.963561,0
2023-09-24 23:17:10.352274,0
2023-09-24 23:17:13.825310,0
2023-09-24 23:17:17.213665,0
2023-09-24 23:17:20.650327,0
2023-09-24 23:17:24.042639,0
2023-09-24 23:17:27.460708,0
2023-09-24 23:17:30.847473,0
2023-09-24 23:17:34.300944,0
2023-09-24 23:17:37.726452,0
2023-09-24 23:17:41.152551,0
2023-09-24 23:17:44.590161,0
2023-09-24 23:17:47.980905,0
2023-09-24 23:17:51.418097,0
2023-09-24 23:17:54.806432,0
2023-09-24 23:17:58.236833,0
2023-09-24 23:18:01.626595,0
2023-09-24 23:18:05.061528,0
2023-09-24 23:18:08.487325,0
2023-09-24 23:18:11.901457,0
2023-09-24 23:18:15.292368,0
2023-09-24 23:18:18.728102,0
2023-09-24 23:18:22.121322,0
2023-09-24 23:18:25.551498,0
2023-09-24 23:18:28.942915,0
2023-09-24 23:18:32.364071,0
2023-09-24 23:18:35.833915,0
2023-09-24 23:18:39.223190,0
2023-09-24 23:18:42.662165,0
2023-09-24 23:18:46.049222,0
2023-09-24 23:18:49.484562,0
2023-09-24 23:18:52.869255,0
2023-09-24 23:18:56.298832,0
2023-09-24 23:18:59.685203,0
2023-09-24 23:19:03.152141,0
2023-09-24 23:19:06.540262,0
2023-09-24 23:19:09.974037,0
2023-09-24 23:19:13.361906,0
2023-09-24 23:19:16.800003,0
2023-09-24 23:19:20.189790,0
2023-09-24 23:19:23.625755,0
2023-09-24 23:19:27.013821,0
2023-09-24 23:19:30.474671,0
2023-09-24 23:19:33.872609,0
2023-09-24 23:24:46.352517,0
2023-09-24 23:24:49.753760,0
2023-09-24 23:24:53.189951,0
2023-09-24 23:24:56.603925,0
2023-09-24 23:25:00.044143,0
2023-09-24 23:25:03.435478,0
2023-09-24 23:25:06.832254,0
2023-09-24 23:25:10.229906,0
2023-09-24 23:25:13.661868,0
2023-09-24 23:25:17.057752,0
2023-09-24 23:25:20.489553,0
2023-09-24 23:25:23.914656,0
2023-09-24 23:25:27.354381,0
2023-09-24 23:25:30.746416,0
2023-09-24 23:25:34.208892,0
2023-09-24 23:25:37.638727,0
2023-09-24 23:25:41.027352,0
2023-09-24 23:25:44.446564,0
2023-09-24 23:25:47.836106,0
2023-09-24 23:25:51.326666,0
2023-09-24 23:25:54.719965,0
2023-09-24 23:25:58.164253,0
2023-09-24 23:26:01.568691,0
2023-09-24 23:26:04.996454,0
2023-09-24 23:26:08.385704,0
2023-09-24 23:26:11.806854,0
2023-09-24 23:26:15.196094,0
2023-09-24 23:26:18.666759,0
2023-09-24 23:26:22.060944,0
2023-09-24 23:26:25.480289,0
2023-09-24 23:26:28.870632,0
2023-09-24 23:26:32.304775,0
2023-09-24 23:26:35.734004,0
2023-09-24 23:26:39.124444,0
2023-09-24 23:26:42.557143,0
2023-09-24 23:26:45.989638,0
2023-09-24 23:26:49.428043,0
2023-09-24 23:26:52.819982,0
2023-09-24 23:26:56.255890,0
2023-09-24 23:26:59.643580,0
2023-09-24 23:27:03.082736,0
2023-09-24 23:27:06.469982,0
2023-09-24 23:27:09.903888,0
2023-09-24 23:27:13.332327,0
2023-09-24 23:27:16.782156,0
2023-09-24 23:27:20.174560,0
2023-09-24 23:27:23.565506,0
2023-09-24 23:27:27.003126,0
2023-09-24 23:27:30.394292,0
2023-09-24 23:27:33.807552,0
2023-09-24 23:27:37.230310,0
2023-09-24 23:27:40.653921,0
2023-09-24 23:27:44.095755,0
2023-09-24 23:27:47.519737,0
2023-09-24 23:27:50.956759,0
2023-09-24 23:27:54.343054,0
2023-09-24 23:27:57.782962,0
2023-09-24 23:28:01.171100,0
2023-09-24 23:28:04.584615,0
2023-09-24 23:28:08.011397,0
2023-09-24 23:28:11.448432,0
2023-09-24 23:28:14.835801,0
2023-09-24 23:28:18.269563,0
2023-09-24 23:28:21.656650,0
2023-09-24 23:28:25.078980,0
2023-09-24 23:28:28.467190,0
2023-09-24 23:28:31.900503,0
2023-09-24 23:28:35.373618,0
2023-09-24 23:28:38.782319,0
2023-09-24 23:28:42.233914,0
2023-09-24 23:28:45.625196,0
2023-09-24 23:28:49.064088,0
2023-09-24 23:28:52.454868,0
2023-09-24 23:28:55.888113,0
2023-09-24 23:28:59.271393,0
2023-09-24 23:29:02.729153,0
2023-09-24 23:29:06.121925,0
2023-09-24 23:29:09.542760,0
2023-09-24 23:29:12.928086,0
2023-09-24 23:29:16.363105,0
2023-09-24 23:29:19.748973,0
2023-09-24 23:29:23.177817,0
2023-09-24 23:29:26.563977,0
2023-09-24 23:29:30.036367,0
2023-09-24 23:29:33.434588,0
2023-09-24 23:29:36.861618,0
2023-09-24 23:29:40.289143,0
2023-09-24 23:29:43.680840,0
2023-09-24 23:29:47.092874,0
2023-09-24 23:29:50.479448,0
2023-09-24 23:29:53.912073,0
2023-09-24 23:29:57.359319,0
2023-09-24 23:30:00.797278,0
2023-09-24 23:30:04.186247,0
2023-09-24 23:30:07.615249,0
2023-09-24 23:30:11.010154,0
2023-09-24 23:30:14.434178,0
2023-09-24 23:30:17.826150,0
2023-09-24 23:30:21.263309,0
2023-09-24 23:30:24.691989,0
2023-09-24 23:30:28.130687,0
2023-09-24 23:30:31.518861,0
2023-09-24 23:30:34.945257,0
2023-09-24 23:30:38.375421,0
2023-09-24 23:30:41.761186,0
2023-09-24 23:30:45.191990,0
2023-09-24 23:30:48.580036,0
2023-09-24 23:30:52.052132,0
2023-09-24 23:30:55.444257,0
2023-09-24 23:30:58.877354,0
2023-09-24 23:31:02.268548,0
2023-09-24 23:31:05.685358,0
2023-09-24 23:31:09.072901,0
2023-09-24 23:31:12.510992,0
2023-09-24 23:31:15.897353,0
2023-09-24 23:31:19.374457,0
2023-09-24 23:31:22.798960,0
2023-09-24 23:31:26.233183,0
2023-09-24 23:31:29.621815,0
2023-09-24 23:31:33.050265,0
2023-09-24 23:31:36.474793,0
2023-09-24 23:31:39.865950,0
2023-09-24 23:31:43.300733,0
2023-09-24 23:31:46.781002,0
2023-09-24 23:31:50.210386,0
2023-09-24 23:31:53.602028,0
2023-09-24 23:31:57.034205,0
2023-09-24 23:32:00.424768,0
2023-09-24 23:32:03.812765,0
2023-09-24 23:32:07.207122,0
2023-09-24 23:32:10.638659,0
2023-09-24 23:32:14.068267,0
2023-09-24 23:32:17.510407,0
2023-09-24 23:32:20.898766,0
2023-09-24 23:32:24.314725,0
2023-09-24 23:32:27.701802,0
2023-09-24 23:32:31.134180,0
2023-09-24 23:32:34.555074,0
2023-09-24 23:32:37.995801,0
2023-09-24 23:32:41.424063,0
2023-09-24 23:32:44.819251,0
2023-09-24 23:32:48.248642,0
2023-09-24 23:32:51.639040,0
2023-09-24 23:32:55.076071,0
2023-09-24 23:32:58.462358,0
2023-09-24 23:33:01.876609,0
2023-09-24 23:33:05.263010,0
2023-09-24 23:33:08.736412,0
2023-09-24 23:33:12.130164,0
2023-09-24 23:33:15.565910,0
2023-09-24 23:33:18.951623,0
2023-09-24 23:33:22.366046,0
2023-09-24 23:33:25.751628,0
2023-09-24 23:33:30.246008,0
2023-09-24 23:33:33.645429,0
2023-09-24 23:33:37.119751,0
2023-09-24 23:33:40.515338,0
2023-09-24 23:33:43.916287,0
2023-09-24 23:33:47.351347,0
2023-09-24 23:33:50.740053,0
2023-09-24 23:33:54.154327,0
2023-09-24 23:33:57.543508,0
2023-09-24 23:34:00.973250,0
2023-09-24 23:34:04.402157,0
2023-09-24 23:34:07.843439,0
2023-09-24 23:34:11.230623,0
2023-09-24 23:34:14.651347,0
2023-09-24 23:34:18.039216,0
2023-09-24 23:34:21.427649,0
2023-09-24 23:34:24.816292,0
2023-09-24 23:34:28.245666,0
2023-09-24 23:34:31.673534,0
2023-09-24 23:34:35.108728,0
2023-09-24 23:34:38.553062,0
2023-09-24 23:34:41.942760,0
2023-09-24 23:34:45.360669,1
2023-09-24 23:34:48.774908,1
2023-09-24 23:34:52.209479,1
2023-09-24 23:34:55.605687,1
2023-09-24 23:34:59.090693,1
2023-09-24 23:35:02.493244,1
2023-09-24 23:35:05.926769,1
2023-09-24 23:35:09.325322,1
2023-09-24 23:35:12.752944,1
2023-09-24 23:35:16.154401,1
2023-09-24 23:35:19.582190,1
2023-09-24 23:35:22.981866,1
2023-09-24 23:35:26.453718,1
2023-09-24 23:35:29.857097,1
2023-09-24 23:35:33.300337,1
2023-09-24 23:35:36.736840,1
2023-09-24 23:35:40.134110,1
2023-09-24 23:35:43.602548,1
2023-09-24 23:35:47.003656,1
2023-09-24 23:35:50.400678,1
2023-09-24 23:35:53.885645,1
2023-09-24 23:35:57.288316,1
2023-09-24 23:36:00.729893,1
2023-09-24 23:36:04.131213,1
2023-09-24 23:36:07.568743,1
2023-09-24 23:36:10.970200,1
2023-09-24 23:36:14.405435,1
2023-09-24 23:36:17.800981,1
2023-09-24 23:36:21.288388,1
2023-09-24 23:36:24.694451,1
2023-09-24 23:36:28.144356,1
2023-09-24 23:36:31.543452,1
2023-09-24 23:36:34.984619,1
2023-09-24 23:36:38.423588,1
2023-09-24 23:36:41.824787,1
2023-09-24 23:36:45.260741,1
2023-09-24 23:36:48.713273,1
2023-09-24 23:36:52.153332,1
2023-09-24 23:36:55.560321,1
2023-09-24 23:36:59.011218,1
2023-09-24 23:37:02.407581,1
2023-09-24 23:37:05.852088,1
2023-09-24 23:37:09.255469,1
2023-09-24 23:37:12.692967,1
2023-09-24 23:37:16.132773,1
2023-09-24 23:37:19.565063,1
2023-09-24 23:37:22.964776,1
2023-09-24 23:37:26.390167,1
2023-09-24 23:37:29.804368,1
2023-09-24 23:37:33.240647,1
2023-09-24 23:37:36.683199,1
2023-09-24 23:37:40.080265,1
2023-09-24 23:37:43.545842,1
2023-09-24 23:37:46.950506,1
2023-09-24 23:37:50.394289,1
2023-09-24 23:37:53.792662,1
2023-09-24 23:37:57.234662,1
2023-09-24 23:38:00.631887,1
2023-09-24 23:38:04.093599,1
2023-09-24 23:38:07.492369,1
2023-09-24 23:38:10.938176,1
2023-09-24 23:38:14.379931,1
2023-09-24 23:38:17.781870,1
2023-09-24 23:38:21.206472,1
2023-09-24 23:38:24.607927,1
2023-09-24 23:38:28.041562,1
2023-09-24 23:38:31.438856,1
2023-09-24 23:38:34.874583,1
2023-09-24 23:38:38.363053,1
2023-09-24 23:38:41.766453,1
2023-09-24 23:38:45.208375,1
2023-09-24 23:38:48.607177,1
2023-09-24 23:38:52.050707,1
2023-09-24 23:38:55.448482,1
2023-09-24 23:38:58.887982,1
2023-09-24 23:39:02.287099,1
2023-09-24 23:39:05.770688,1
2023-09-24 23:39:09.189538,1
2023-09-24 23:39:12.635330,1
2023-09-24 23:39:16.048031,1
2023-09-24 23:39:20.631095,1
2023-09-24 23:39:28.934962,1
2023-09-24 23:39:32.334185,1
2023-09-24 23:39:35.782656,1
2023-09-24 23:39:39.238822,1
2023-09-24 23:39:42.641834,1
2023-09-24 23:39:46.081750,1
2023-09-24 23:39:49.495409,1
2023-09-24 23:39:52.928601,1
2023-09-24 23:39:56.330487,1
2023-09-24 23:39:59.765364,1
2023-09-24 23:40:03.159938,1
2023-09-24 23:40:06.633744,1
2023-09-24 23:40:10.042838,1
2023-09-24 23:40:13.488122,1
2023-09-24 23:40:16.897281,1
2023-09-24 23:40:20.326026,1
2023-09-24 23:40:23.713952,1
2023-09-24 23:40:27.158479,1
2023-09-24 23:40:30.593783,1
2023-09-24 23:40:34.118444,1
2023-09-24 23:40:37.600400,1
2023-09-24 23:40:41.040437,1
2023-09-24 23:40:44.465871,1
2023-09-24 23:40:47.891917,1
2023-09-24 23:40:51.330594,1
2023-09-24 23:40:54.757960,1
2023-09-24 23:40:58.185760,1
2023-09-24 23:41:01.683603,1
2023-09-24 23:41:05.114159,1
2023-09-24 23:41:08.541289,1
2023-09-24 23:41:11.988410,1
2023-09-24 23:41:15.416571,0
2023-09-24 23:41:18.842259,0
2023-09-24 23:41:22.272338,0
2023-09-24 23:41:25.693910,0
2023-09-24 23:41:29.168110,0
2023-09-24 23:41:32.601649,0
2023-09-24 23:41:36.073444,0
2023-09-24 23:41:39.717868,0
2023-09-24 23:41:43.145588,0
2023-09-24 23:41:46.571912,0
2023-09-24 23:41:50.016383,0
2023-09-24 23:41:53.442983,0
2023-09-24 23:41:56.924824,0
2023-09-24 23:42:00.370170,0
2023-09-24 23:42:03.803789,0
2023-09-24 23:42:07.228341,0
2023-09-24 23:42:10.673177,0
2023-09-24 23:42:14.097120,0
2023-09-24 23:42:17.517775,0
2023-09-24 23:42:20.958399,0
2023-09-24 23:42:24.426997,0
2023-09-24 23:42:27.862587,0
2023-09-24 23:42:31.288777,0
2023-09-24 23:42:34.761615,0
2023-09-24 23:42:38.254294,0
2023-09-24 23:42:41.680226,0
2023-09-24 23:42:45.106571,0
2023-09-24 23:42:48.538479,0
2023-09-24 23:42:52.009261,0
2023-09-24 23:42:55.440664,0
2023-09-24 23:42:58.874655,0
2023-09-24 23:43:02.302395,0
2023-09-24 23:43:05.729283,0
2023-09-24 23:43:09.167543,0
2023-09-24 23:43:12.592295,0
2023-09-24 23:43:16.021004,0
2023-09-24 23:43:19.511270,0
2023-09-24 23:43:22.943035,0
2023-09-24 23:43:26.371413,0
2023-09-24 23:43:29.809109,0
2023-09-24 23:43:33.237768,0
2023-09-24 23:43:36.717183,0
2023-09-24 23:43:40.142890,0
2023-09-24 23:43:43.566740,0
2023-09-24 23:43:47.047137,0
2023-09-24 23:43:50.495051,0
2023-09-24 23:43:53.923096,0
2023-09-24 23:43:57.361730,0
2023-09-24 23:44:00.789387,0
2023-09-24 23:44:04.216428,0
2023-09-24 23:44:07.652205,0
2023-09-24 23:44:11.073755,0
2023-09-24 23:44:14.547333,0
2023-09-24 23:44:17.995397,0
2023-09-24 23:44:21.421972,0
2023-09-24 23:44:24.848449,0
2023-09-24 23:44:28.297781,0
2023-09-24 23:44:31.728603,0
2023-09-24 23:44:35.530284,0
2023-09-24 23:44:39.046247,0
2023-09-24 23:44:42.517770,0
2023-09-24 23:44:45.950783,0
2023-09-24 23:44:49.386539,0
2023-09-24 23:44:52.814026,0
2023-09-24 23:44:56.268380,0
2023-09-24 23:44:59.696592,0
2023-09-24 23:45:03.118914,0
2023-09-24 23:45:06.544286,0
2023-09-24 23:45:09.972997,0
2023-09-24 23:45:13.408999,0
2023-09-24 23:45:16.796265,0
2023-09-24 23:45:20.267057,0
2023-09-24 23:45:23.677738,0
2023-09-24 23:45:27.063574,0
2023-09-24 23:45:30.498184,0
2023-09-24 23:45:33.890125,0
2023-09-24 23:45:37.363399,0
2023-09-24 23:45:40.756283,0
2023-09-24 23:45:44.147897,0
2023-09-24 23:45:47.581708,0
2023-09-24 23:45:50.972263,0
2023-09-24 23:45:54.407434,0
2023-09-24 23:45:57.793857,0
2023-09-24 23:46:01.213903,0
2023-09-24 23:46:04.641432,0
2023-09-24 23:46:08.068512,0
2023-09-24 23:46:11.458073,0
2023-09-24 23:46:14.887151,0
2023-09-24 23:46:18.274535,0
2023-09-24 23:46:21.697421,0
2023-09-24 23:46:25.088143,0
2023-09-24 23:46:28.514736,0
2023-09-24 23:46:31.943520,0
2023-09-24 23:46:35.374114,0
2023-09-24 23:46:38.761697,0
2023-09-24 23:46:42.150928,0
2023-09-24 23:46:45.580290,0
2023-09-24 23:46:48.968014,0
2023-09-24 23:46:52.398231,0
2023-09-24 23:46:55.786358,0
2023-09-24 23:46:59.247429,0
2023-09-24 23:47:29.963430,0
2023-09-24 23:47:33.515072,0
2023-09-24 23:47:36.974714,0
2023-09-24 23:47:40.394896,0
2023-09-24 23:47:43.855770,0
2023-09-24 23:47:47.275820,0
2023-09-24 23:47:50.740553,0
2023-09-24 23:47:54.165302,0
2023-09-24 23:47:57.668968,0
2023-09-24 23:48:01.095351,0
2023-09-24 23:48:04.569484,0
2023-09-24 23:48:08.001059,0
2023-09-24 23:48:13.266093,0
2023-09-24 23:48:16.734478,0
2023-09-24 23:48:20.177225,0
2023-09-24 23:48:23.655020,0
2023-09-24 23:48:27.088931,0
2023-09-24 23:48:30.554511,0
2023-09-24 23:48:34.029521,0
2023-09-24 23:48:37.506578,0
2023-09-24 23:48:40.927782,0
2023-09-24 23:48:44.342188,0
2023-09-24 23:48:47.772151,0
2023-09-24 23:48:51.189432,0
2023-09-24 23:48:54.626100,0
2023-09-24 23:48:58.028499,0
2023-09-24 23:49:01.522669,0
2023-09-24 23:49:04.932067,0
2023-09-24 23:49:08.380225,0
2023-09-24 23:49:11.778617,0
2023-09-24 23:49:15.224594,0
2023-09-24 23:49:18.621129,0
2023-09-24 23:49:22.060700,0
2023-09-24 23:49:25.456980,0
2023-09-24 23:49:28.927579,0
2023-09-24 23:49:32.326508,0
2023-09-24 23:49:35.762844,0
2023-09-24 23:49:39.164093,0
2023-09-24 23:49:42.566946,0
2023-09-24 23:49:45.961611,0
2023-09-24 23:49:49.358120,0
2023-09-24 23:49:52.784981,0
2023-09-24 23:49:56.218485,0
2023-09-24 23:49:59.652036,0
2023-09-24 23:50:03.045094,0
2023-09-24 23:50:06.498476,0
2023-09-24 23:50:09.893080,0
2023-09-24 23:50:13.328510,0
2023-09-24 23:50:16.731965,0
2023-09-24 23:50:20.168229,0
2023-09-24 23:50:23.597222,0
2023-09-24 23:50:27.041381,0
2023-09-24 23:50:30.432109,0
2023-09-24 23:50:33.878262,0
2023-09-24 23:50:37.316411,0
2023-09-24 23:50:40.709882,0
2023-09-24 23:50:44.142209,0
2023-09-24 23:50:47.533611,0
2023-09-24 23:50:51.000536,0
2023-09-24 23:50:54.394091,0
2023-09-24 23:50:57.820648,0
2023-09-24 23:51:01.213154,0
2023-09-24 23:51:04.642291,0
2023-09-24 23:51:08.030318,0
2023-09-24 23:51:11.442627,0
2023-09-24 23:51:14.831507,0
2023-09-24 23:51:18.296046,0
2023-09-24 23:51:21.695938,0
2023-09-24 23:51:25.131611,0
2023-09-24 23:51:28.520586,0
2023-09-24 23:51:31.945685,0
2023-09-24 23:51:35.371001,0
2023-09-24 23:51:38.798298,0
2023-09-24 23:51:42.223490,0
2023-09-24 23:51:45.648156,0
2023-09-24 23:51:49.087449,0
2023-09-24 23:51:52.472952,0
2023-09-24 23:51:55.891722,0
2023-09-24 23:51:59.283573,0
2023-09-24 23:52:02.718198,0
2023-09-24 23:52:06.107481,0
2023-09-24 23:52:09.544700,0
2023-09-24 23:52:12.970332,0
2023-09-24 23:52:16.405098,0
2023-09-24 23:52:19.794582,0
2023-09-24 23:52:23.208203,0
2023-09-24 23:52:26.593499,0
2023-09-24 23:52:30.027150,0
2023-09-24 23:52:33.417979,0
2023-09-24 23:52:36.843466,0
2023-09-24 23:52:40.268758,0
2023-09-24 23:52:43.656834,0
2023-09-24 23:52:47.103549,0
2023-09-24 23:52:50.494954,0
2023-09-24 23:52:53.925710,0
2023-09-24 23:52:57.329344,0
2023-09-24 23:53:00.763988,0
2023-09-24 23:53:04.148262,0
2023-09-24 23:53:07.595026,0
2023-09-24 23:53:10.983156,0
2023-09-24 23:53:14.418489,0
2023-09-24 23:53:17.812329,0
2023-09-24 23:53:21.246437,0
2023-09-24 23:53:24.633896,0
2023-09-24 23:53:28.022537,0
2023-09-24 23:53:31.411178,0
2023-09-24 23:53:34.878456,0
2023-09-24 23:53:38.364075,0
2023-09-24 23:53:41.759966,0
2023-09-24 23:53:45.205442,0
2023-09-24 23:53:48.595067,0
2023-09-24 23:53:52.032044,0
2023-09-24 23:53:55.421806,0
2023-09-24 23:53:58.848705,0
2023-09-24 23:54:02.283694,0
2023-09-24 23:54:05.716437,0
2023-09-24 23:54:09.110554,0
2023-09-24 23:54:12.573195,0
2023-09-24 23:54:15.965123,0
2023-09-24 23:54:19.403349,0
2023-09-24 23:54:22.792379,0
2023-09-24 23:54:26.228405,0
2023-09-24 23:54:29.657966,0
2023-09-24 23:54:33.099660,0
2023-09-24 23:54:36.530001,0
2023-09-24 23:54:39.922867,0
2023-09-24 23:54:43.356517,0
2023-09-24 23:54:46.746749,0
2023-09-24 23:54:50.177881,0
2023-09-24 23:54:53.568958,0
2023-09-24 23:54:57.017127,0
2023-09-24 23:55:00.408557,0
2023-09-24 23:55:04.707403,0
2023-09-24 23:55:08.132631,0
2023-09-24 23:55:11.529983,0
2023-09-24 23:55:14.961801,0
2023-09-24 23:55:18.355779,0
2023-09-24 23:55:21.816174,0
2023-09-24 23:55:25.243094,0
2023-09-24 23:55:28.674977,0
2023-09-24 23:55:32.068841,0
2023-09-24 23:55:35.506347,0
2023-09-24 23:55:38.916312,0
2023-09-24 23:55:42.310187,0
2023-09-24 23:55:45.726508,0
2023-09-24 23:55:49.113377,0
2023-09-24 23:55:52.580165,0
2023-09-24 23:55:55.975919,0
2023-09-24 23:55:59.410314,0
2023-09-24 23:56:02.810004,0
2023-09-24 23:56:06.225419,0
2023-09-24 23:56:09.614528,0
2023-09-24 23:56:13.055254,0
2023-09-24 23:56:16.443531,0
2023-09-24 23:56:19.912220,0
2023-09-24 23:56:23.311303,0
2023-09-24 23:56:26.745012,0
2023-09-24 23:56:30.158423,0
2023-09-24 23:56:33.603431,0
2023-09-24 23:56:37.042232,0
2023-09-24 23:56:40.429257,0
2023-09-24 23:56:43.851501,0
2023-09-24 23:56:47.280214,0
2023-09-24 23:56:50.712884,0
2023-09-24 23:56:54.103470,0
2023-09-24 23:56:57.542723,0
2023-09-24 23:57:00.936055,0
2023-09-24 23:57:04.380027,0
2023-09-24 23:57:07.769031,0
2023-09-24 23:57:11.197668,0
2023-09-24 23:57:14.622836,0
2023-09-24 23:57:18.064479,0
2023-09-24 23:57:21.459397,0
2023-09-24 23:57:24.884797,0
2023-09-24 23:57:28.293066,0
2023-09-24 23:57:31.722959,0
2023-09-24 23:57:35.160765,0
2023-09-24 23:57:38.556483,0
2023-09-24 23:57:42.021151,0
2023-09-24 23:57:45.418390,0
2023-09-24 23:57:48.847693,0
2023-09-24 23:57:52.246133,0
2023-09-24 23:57:55.692060,0
2023-09-24 23:57:59.085559,0
2023-09-24 23:58:02.516055,0
2023-09-24 23:58:05.912474,0
2023-09-24 23:58:09.371196,0
2023-09-24 23:58:12.788205,0
2023-09-24 23:58:16.232103,0
2023-09-24 23:58:19.646468,1
2023-09-24 23:58:23.084148,1
2023-09-24 23:58:26.490868,1
2023-09-24 23:58:29.893161,1
2023-09-24 23:58:33.354822,1
2023-09-24 23:58:36.952824,1
2023-09-24 23:58:40.371972,1
2023-09-24 23:58:43.800104,1
2023-09-24 23:58:47.208773,1
2023-09-24 23:58:50.652295,1
2023-09-24 23:58:54.058907,1
2023-09-24 23:58:57.502256,1
2023-09-24 23:59:00.907956,1
2023-09-24 23:59:04.387378,1
2023-09-24 23:59:07.804528,1
2023-09-24 23:59:11.231454,1
2023-09-24 23:59:14.634952,1
2023-09-24 23:59:18.111785,1
2023-09-24 23:59:21.513873,1
2023-09-24 23:59:24.994185,1
2023-09-24 23:59:28.421576,1
2023-09-24 23:59:31.936930,1
2023-09-24 23:59:35.386008,1
2023-09-24 23:59:38.790319,1
2023-09-24 23:59:42.222745,1
2023-09-24 23:59:45.627404,1
2023-09-24 23:59:49.130760,1
2023-09-24 23:59:52.527635,1
2023-09-24 23:59:55.960402,1
2023-09-24 23:59:59.407178,1
2023-09-25 00:00:02.856429,1
2023-09-25 00:00:06.257406,1
2023-09-25 00:00:09.708140,1
2023-09-25 00:00:13.151807,1
2023-09-25 00:00:16.588505,0
2023-09-25 00:00:20.001468,1
2023-09-25 00:00:24.299323,1
2023-09-25 00:00:28.853419,1
2023-09-25 00:00:35.969835,1
2023-09-25 00:00:48.529751,0
2023-09-25 00:00:52.197839,1
2023-09-25 00:00:55.613848,1
2023-09-25 00:00:59.545065,1
2023-09-25 00:01:02.968218,1
2023-09-25 00:01:06.413925,1
2023-09-25 00:01:09.868947,1
2023-09-25 00:01:13.316541,1
2023-09-25 00:01:16.724327,0
2023-09-25 00:01:20.168484,0
2023-09-25 00:01:23.584050,0
2023-09-25 00:01:27.039068,0
2023-09-25 00:01:30.451061,0
2023-09-25 00:01:33.982529,0
2023-09-25 00:01:37.615577,0
2023-09-25 00:01:41.029542,0
2023-09-25 00:01:44.477502,1
2023-09-25 00:01:47.894020,1
2023-09-25 00:01:51.337690,0
2023-09-25 00:01:54.746181,1
2023-09-25 00:01:58.177874,1
2023-09-25 00:02:01.599396,1
2023-09-25 00:02:05.093166,1
2023-09-25 00:02:08.497317,1
2023-09-25 00:02:11.946312,1
2023-09-25 00:02:15.356758,1
2023-09-25 00:02:18.800766,1
2023-09-25 00:02:22.232533,1
2023-09-25 00:02:25.676892,1
2023-09-25 00:02:29.116649,1
2023-09-25 00:02:32.623438,1
2023-09-25 00:02:36.073816,1
2023-09-25 00:02:39.484979,0
2023-09-25 00:02:42.917830,0
2023-09-25 00:02:46.331987,1
2023-09-25 00:02:49.769551,1
2023-09-25 00:02:53.180960,1
2023-09-25 00:02:56.658353,1
2023-09-25 00:03:00.118485,1
2023-09-25 00:03:03.577768,1
2023-09-25 00:03:06.984359,1
2023-09-25 00:03:10.450139,1
2023-09-25 00:03:13.871469,1
2023-09-25 00:03:17.304666,1
2023-09-25 00:03:20.715196,1
2023-09-25 00:03:24.200529,1
2023-09-25 00:03:27.662371,1
2023-09-25 00:03:31.112637,0
2023-09-25 00:03:34.555365,1
2023-09-25 00:03:38.007584,1
2023-09-25 00:03:41.457616,0
2023-09-25 00:03:44.869971,0
2023-09-25 00:03:48.316606,0
2023-09-25 00:03:51.751339,0
2023-09-25 00:03:55.257543,0
2023-09-25 00:03:58.669926,0
2023-09-25 00:04:02.119349,0
2023-09-25 00:04:05.537392,0
2023-09-25 00:04:09.013941,0
2023-09-25 00:04:12.432155,0
2023-09-25 00:04:15.885559,0
2023-09-25 00:04:19.327979,0
2023-09-25 00:04:22.819047,0
2023-09-25 00:04:26.227658,0
2023-09-25 00:04:29.658318,0
2023-09-25 00:04:33.058662,0
2023-09-25 00:04:36.508439,1
2023-09-25 00:04:39.925297,1
2023-09-25 00:04:43.336860,1
2023-09-25 00:04:46.795524,0
2023-09-25 00:04:50.258517,1
2023-09-25 00:04:53.714205,1
2023-09-25 00:04:57.120754,0
2023-09-25 00:05:00.564072,1
2023-09-25 00:05:03.973210,1
2023-09-25 00:05:07.412965,1
2023-09-25 00:05:10.847581,1
2023-09-25 00:05:14.325068,1
2023-09-25 00:05:17.785399,1
2023-09-25 00:05:21.228874,1
2023-09-25 00:05:24.632823,1
2023-09-25 00:05:28.067355,1
2023-09-25 00:05:31.475410,1
2023-09-25 00:05:34.919113,1
2023-09-25 00:05:38.365951,1
2023-09-25 00:05:41.813961,1
2023-09-25 00:05:45.295765,0
2023-09-25 00:05:48.709777,0
2023-09-25 00:05:52.170699,1
2023-09-25 00:05:55.582253,0
2023-09-25 00:05:59.032259,0
2023-09-25 00:06:02.446254,1
2023-09-25 00:06:05.885078,1
2023-09-25 00:06:09.325085,1
2023-09-25 00:06:12.820981,0
2023-09-25 00:06:16.226076,0
2023-09-25 00:06:19.657391,0
2023-09-25 00:06:23.064974,0
2023-09-25 00:06:26.514859,0
2023-09-25 00:06:29.931446,0
2023-09-25 00:06:33.383895,0
2023-09-25 00:06:36.863745,0
2023-09-25 00:06:40.331058,0
2023-09-25 00:06:43.788016,0
2023-09-25 00:06:47.194545,0
2023-09-25 00:06:50.643497,1
2023-09-25 00:06:54.050862,1
2023-09-25 00:06:57.490009,1
2023-09-25 00:07:00.921037,1
2023-09-25 00:07:04.407327,1
2023-09-25 00:07:07.865432,1
2023-09-25 00:07:11.318756,0
2023-09-25 00:07:14.741963,1
2023-09-25 00:07:18.179510,1
2023-09-25 00:07:21.592322,0
2023-09-25 00:07:25.031922,1
2023-09-25 00:07:28.442330,1
2023-09-25 00:07:31.916418,1
2023-09-25 00:07:35.432042,1
2023-09-25 00:07:38.857170,1
2023-09-25 00:07:42.312169,0
2023-09-25 00:07:45.717687,0
2023-09-25 00:07:49.163812,0
2023-09-25 00:07:52.583046,0
2023-09-25 00:07:56.036869,0
2023-09-25 00:07:59.476022,0
2023-09-25 00:08:02.968077,0
2023-09-25 00:08:06.381787,1
2023-09-25 00:08:09.844673,1
2023-09-25 00:08:13.257873,0
2023-09-25 00:08:16.713604,1
2023-09-25 00:08:20.124817,1
2023-09-25 00:08:23.569476,1
2023-09-25 00:08:26.996102,0
2023-09-25 00:08:30.481934,0
2023-09-25 00:08:33.887960,0
2023-09-25 00:08:37.326200,0
2023-09-25 00:08:40.727105,0
2023-09-25 00:08:44.121973,0
2023-09-25 00:08:47.571756,0
2023-09-25 00:08:50.974264,0
2023-09-25 00:08:54.416090,0
2023-09-25 00:08:57.876341,0
2023-09-25 00:09:01.317795,0
2023-09-25 00:09:04.724644,0
2023-09-25 00:09:08.163031,0
2023-09-25 00:09:11.563240,0
2023-09-25 00:09:15.017451,0
2023-09-25 00:09:18.415462,0
2023-09-25 00:09:21.860357,0
2023-09-25 00:09:25.299961,0
2023-09-25 00:09:28.751223,0
2023-09-25 00:09:32.152247,0
2023-09-25 00:09:35.594655,0
2023-09-25 00:09:38.998102,0
2023-09-25 00:09:42.394284,0
2023-09-25 00:09:45.836904,0
2023-09-25 00:09:49.249511,0
2023-09-25 00:09:52.732498,0
2023-09-25 00:09:56.130651,0
2023-09-25 00:09:59.561628,0
2023-09-25 00:10:02.963293,0
2023-09-25 00:10:06.409452,0
2023-09-25 00:10:09.807253,0
2023-09-25 00:10:13.262938,0
2023-09-25 00:10:16.675716,0
2023-09-25 00:10:20.176577,0
2023-09-25 00:10:23.572929,0
2023-09-25 00:10:27.012849,0
2023-09-25 00:10:30.428716,0
2023-09-25 00:10:33.877062,0
2023-09-25 00:10:37.318846,0
2023-09-25 00:10:40.757834,0
2023-09-25 00:10:44.189966,0
2023-09-25 00:10:47.677626,0
2023-09-25 00:10:51.078462,0
2023-09-25 00:10:54.502497,0
2023-09-25 00:10:57.912839,0
2023-09-25 00:11:01.357174,0
2023-09-25 00:11:04.751648,0
2023-09-25 00:11:08.186504,0
2023-09-25 00:11:11.609186,0
2023-09-25 00:11:15.098445,0
2023-09-25 00:11:18.507486,0
2023-09-25 00:11:21.933063,0
2023-09-25 00:11:25.348625,0
2023-09-25 00:11:28.780363,0
2023-09-25 00:11:32.184947,0
2023-09-25 00:11:35.638754,0
2023-09-25 00:11:39.062724,0
2023-09-25 00:11:42.504846,0
2023-09-25 00:11:45.949262,0
2023-09-25 00:11:49.341827,0
2023-09-25 00:11:52.792677,0
2023-09-25 00:11:56.193809,0
2023-09-25 00:11:59.638586,0
2023-09-25 00:12:03.039325,0
2023-09-25 00:12:06.502045,0
2023-09-25 00:12:09.955899,0
2023-09-25 00:12:13.405814,1
2023-09-25 00:12:16.804196,1
2023-09-25 00:12:20.253127,1
2023-09-25 00:12:23.651089,1
2023-09-25 00:12:27.100909,1
2023-09-25 00:12:30.498688,1
2023-09-25 00:12:33.976166,0
2023-09-25 00:12:37.488677,0
2023-09-25 00:12:40.904623,0
2023-09-25 00:12:44.334552,0
2023-09-25 00:12:47.735511,0
2023-09-25 00:12:51.146567,0
2023-09-25 00:12:54.552852,0
2023-09-25 00:12:58.017877,0
2023-09-25 00:13:01.452000,0
2023-09-25 00:13:04.943984,0
2023-09-25 00:13:08.399783,0
2023-09-25 00:13:11.841427,0
2023-09-25 00:13:15.244610,0
2023-09-25 00:13:18.701559,1
2023-09-25 00:13:22.100610,0
2023-09-25 00:13:25.549972,0
2023-09-25 00:13:28.964326,0
2023-09-25 00:13:32.453024,0
2023-09-25 00:13:35.914151,0
2023-09-25 00:13:39.320479,0
2023-09-25 00:13:42.778034,0
2023-09-25 00:13:46.197659,0
2023-09-25 00:13:49.653676,0
2023-09-25 00:13:53.052151,0
2023-09-25 00:13:56.493412,0
2023-09-25 00:13:59.930471,0
2023-09-25 00:14:03.369040,0
2023-09-25 00:14:06.764547,0
2023-09-25 00:14:10.208916,0
2023-09-25 00:14:13.604740,0
2023-09-25 00:14:17.040505,0
2023-09-25 00:14:20.438960,0
2023-09-25 00:14:23.869679,0
2023-09-25 00:14:27.298368,0
2023-09-25 00:14:30.729776,0
2023-09-25 00:14:34.143811,0
2023-09-25 00:14:40.448600,0
2023-09-25 00:14:43.852144,0
2023-09-25 00:14:47.281545,0
2023-09-25 00:14:50.686227,0
2023-09-25 00:14:54.092694,0
2023-09-25 00:14:57.524161,0
2023-09-25 00:15:01.002189,0
2023-09-25 00:15:04.396974,0
2023-09-25 00:15:07.832348,0
2023-09-25 00:15:11.246655,0
2023-09-25 00:15:14.695703,0
2023-09-25 00:15:18.104268,0
2023-09-25 00:15:21.560657,0
2023-09-25 00:15:25.000549,0
2023-09-25 00:15:28.438532,0
2023-09-25 00:15:31.839261,0
2023-09-25 00:15:35.285238,0
2023-09-25 00:15:38.715076,0
2023-09-25 00:15:42.124280,0
2023-09-25 00:15:45.564746,0
2023-09-25 00:15:48.965494,0
2023-09-25 00:15:52.447994,0
2023-09-25 00:15:55.855886,0
2023-09-25 00:15:59.285985,0
2023-09-25 00:16:02.681576,0
2023-09-25 00:16:06.128688,0
2023-09-25 00:16:09.529386,0
2023-09-25 00:16:12.972524,0
2023-09-25 00:16:16.375019,0
2023-09-25 00:16:19.853130,0
2023-09-25 00:16:23.243480,0
2023-09-25 00:16:26.700852,0
2023-09-25 00:16:30.098813,0
2023-09-25 00:16:33.560994,0
2023-09-25 00:16:37.007562,0
2023-09-25 00:16:40.407673,0
2023-09-25 00:16:43.849080,0
2023-09-25 00:16:47.284807,0
2023-09-25 00:16:50.725105,0
2023-09-25 00:16:54.127361,0
2023-09-25 00:16:57.524682,0
2023-09-25 00:17:00.917829,0
2023-09-25 00:17:04.364142,0
2023-09-25 00:17:07.760302,0
2023-09-25 00:17:11.206392,0
2023-09-25 00:17:14.636876,0
2023-09-25 00:17:18.057859,0
2023-09-25 00:17:21.473468,0
2023-09-25 00:17:24.905650,0
2023-09-25 00:17:28.309965,0
2023-09-25 00:17:31.769172,0
2023-09-25 00:17:35.207412,0
2023-09-25 00:17:38.643016,0
2023-09-25 00:17:42.129595,0
2023-09-25 00:17:45.540032,0
2023-09-25 00:17:48.992620,0
2023-09-25 00:17:52.394915,0
2023-09-25 00:17:55.830432,0
2023-09-25 00:17:59.228531,0
2023-09-25 00:18:02.671351,0
2023-09-25 00:18:06.068935,0
2023-09-25 00:18:09.550559,0
2023-09-25 00:18:12.949436,0
2023-09-25 00:18:16.396061,0
2023-09-25 00:18:19.796725,0
2023-09-25 00:18:23.204494,0
2023-09-25 00:18:26.608442,0
2023-09-25 00:18:30.072498,0
2023-09-25 00:18:33.482077,0
2023-09-25 00:18:36.978320,0
2023-09-25 00:18:40.424966,0
2023-09-25 00:18:43.828678,0
2023-09-25 00:18:47.286974,0
2023-09-25 00:18:50.713509,0
2023-09-25 00:18:54.153385,0
2023-09-25 00:18:57.598871,0
2023-09-25 00:19:01.017985,0
2023-09-25 00:19:04.505626,0
2023-09-25 00:19:07.909774,0
2023-09-25 00:19:11.353619,0
2023-09-25 00:19:14.749153,0
2023-09-25 00:19:18.195363,0
2023-09-25 00:19:21.613210,0
2023-09-25 00:19:25.068502,0
2023-09-25 00:19:28.474238,0
2023-09-25 00:19:31.946151,0
2023-09-25 00:19:35.389758,0
2023-09-25 00:19:38.825657,0
2023-09-25 00:19:42.292245,0
2023-09-25 00:19:45.700997,0
2023-09-25 00:19:49.143972,0
2023-09-25 00:19:52.547425,0
2023-09-25 00:19:55.991543,0
2023-09-25 00:19:59.425362,0
2023-09-25 00:20:02.878402,0
2023-09-25 00:20:06.279962,0
2023-09-25 00:20:09.727733,0
2023-09-25 00:20:13.127339,0
2023-09-25 00:20:16.567109,0
2023-09-25 00:20:19.968936,0
2023-09-25 00:20:23.410014,0
2023-09-25 00:20:26.842942,0
2023-09-25 00:20:30.292516,0
2023-09-25 00:20:33.698060,0
2023-09-25 00:20:37.135627,0
2023-09-25 00:20:40.529763,0
2023-09-25 00:20:43.929854,0
2023-09-25 00:20:47.359127,0
2023-09-25 00:20:50.748184,0
2023-09-25 00:20:54.224745,0
2023-09-25 00:20:57.632714,0
2023-09-25 00:21:01.088078,0
2023-09-25 00:21:04.482554,0
2023-09-25 00:21:07.914373,0
2023-09-25 00:21:11.303090,0
2023-09-25 00:21:14.755201,0
2023-09-25 00:21:18.146846,0
2023-09-25 00:21:21.622208,0
2023-09-25 00:21:25.027713,0
2023-09-25 00:21:28.464229,0
2023-09-25 00:21:31.862497,0
2023-09-25 00:21:35.300441,0
2023-09-25 00:21:38.717516,0
2023-09-25 00:21:42.112339,0
2023-09-25 00:21:45.556205,0
2023-09-25 00:21:50.123795,0
2023-09-25 00:21:53.559750,0
2023-09-25 00:21:56.956097,0
2023-09-25 00:22:00.402538,0
2023-09-25 00:22:03.794855,0
2023-09-25 00:22:07.236192,0
2023-09-25 00:22:10.630212,0
2023-09-25 00:22:14.044717,0
2023-09-25 00:22:17.473158,0
2023-09-25 00:22:20.907611,0
2023-09-25 00:22:24.314280,0
2023-09-25 00:22:27.745937,0
2023-09-25 00:22:31.146457,0
2023-09-25 00:22:34.585618,0
2023-09-25 00:22:38.042436,0
2023-09-25 00:22:50.488682,0
2023-09-25 00:22:55.571709,0
2023-09-25 00:22:58.964796,0
2023-09-25 00:23:02.387105,0
2023-09-25 00:23:05.802046,0
2023-09-25 00:23:09.244921,0
2023-09-25 00:23:12.644020,0
2023-09-25 00:23:16.090388,0
2023-09-25 00:23:19.494729,0
2023-09-25 00:23:22.968111,0
2023-09-25 00:23:26.363921,0
2023-09-25 00:23:29.800663,0
2023-09-25 00:23:33.202243,0
2023-09-25 00:23:36.634508,0
2023-09-25 00:23:40.035659,0
2023-09-25 00:23:43.443179,0
2023-09-25 00:23:46.881288,0
2023-09-25 00:23:50.306201,0
2023-09-25 00:23:53.739907,0
2023-09-25 00:23:57.146873,0
2023-09-25 00:24:00.590308,0
2023-09-25 00:24:03.980156,0
2023-09-25 00:24:07.419161,0
2023-09-25 00:24:10.814227,0
2023-09-25 00:24:14.252344,0
2023-09-25 00:24:17.683816,0
2023-09-25 00:24:21.115584,0
2023-09-25 00:24:24.524458,0
2023-09-25 00:24:27.952544,0
2023-09-25 00:24:31.352772,0
2023-09-25 00:24:34.803378,0
2023-09-25 00:24:38.244644,0
2023-09-25 00:24:41.635012,0
2023-09-25 00:24:45.119469,0
2023-09-25 00:24:48.528805,0
2023-09-25 00:24:51.973866,0
2023-09-25 00:24:55.368925,0
2023-09-25 00:24:58.804179,1
2023-09-25 00:25:02.211378,1
2023-09-25 00:25:05.631619,1
2023-09-25 00:25:09.104991,0
2023-09-25 00:25:12.588611,0
2023-09-25 00:25:16.025892,0
2023-09-25 00:25:19.476340,0
2023-09-25 00:25:22.920033,0
2023-09-25 00:25:26.352980,0
2023-09-25 00:25:29.790995,0
2023-09-25 00:25:33.220542,0
2023-09-25 00:25:36.729787,0
2023-09-25 00:25:40.204972,0
2023-09-25 00:25:43.643615,0
2023-09-25 00:25:47.104154,0
2023-09-25 00:25:50.537973,0
2023-09-25 00:25:53.968775,0
2023-09-25 00:25:57.409562,0
2023-09-25 00:26:00.879378,0
2023-09-25 00:26:04.311018,0
2023-09-25 00:26:07.799471,0
2023-09-25 00:26:11.231143,0
2023-09-25 00:26:14.659269,0
2023-09-25 00:26:18.102923,0
2023-09-25 00:26:21.535352,0
2023-09-25 00:26:24.978185,0
2023-09-25 00:26:28.430229,0
2023-09-25 00:26:31.859183,0
2023-09-25 00:26:35.943151,0
2023-09-25 00:26:40.458255,0
2023-09-25 00:26:46.038007,0
2023-09-25 00:26:52.464226,0
2023-09-25 00:26:55.901923,0
2023-09-25 00:26:59.618219,0
2023-09-25 00:27:03.053929,0
2023-09-25 00:27:06.487353,0
2023-09-25 00:27:09.957991,0
2023-09-25 00:27:13.389980,0
2023-09-25 00:27:16.825125,0
2023-09-25 00:27:20.257893,0
2023-09-25 00:27:23.687488,0
2023-09-25 00:27:27.140136,0
2023-09-25 00:27:30.580623,0
2023-09-25 00:27:34.245414,0
2023-09-25 00:27:37.828668,0
2023-09-25 00:27:41.263033,0
2023-09-25 00:27:44.704059,0
2023-09-25 00:27:48.151317,0
2023-09-25 00:27:51.585835,0
2023-09-25 00:27:55.025490,0
2023-09-25 00:27:58.457993,0
2023-09-25 00:28:01.894057,0
2023-09-25 00:28:05.369962,0
2023-09-25 00:28:08.818423,0
2023-09-25 00:28:12.245535,0
2023-09-25 00:28:15.673712,0
2023-09-25 00:28:19.113399,0
2023-09-25 00:28:22.543798,0
2023-09-25 00:28:25.979982,0
2023-09-25 00:28:29.406701,0
2023-09-25 00:28:32.886099,0
2023-09-25 00:28:36.713523,0
2023-09-25 00:28:40.162609,0
2023-09-25 00:28:43.595371,0
2023-09-25 00:28:47.030727,0
2023-09-25 00:28:50.462412,0
2023-09-25 00:28:53.892894,0
2023-09-25 00:28:57.335457,0
2023-09-25 00:29:00.807892,0
2023-09-25 00:29:04.241117,0
2023-09-25 00:29:07.688332,0
2023-09-25 00:29:11.114356,0
2023-09-25 00:29:14.559384,0
2023-09-25 00:29:17.998383,0
2023-09-25 00:29:21.421945,0
2023-09-25 00:29:25.031590,0
2023-09-25 00:29:28.503662,0
2023-09-25 00:31:59.583204,0
2023-09-25 00:32:07.717438,0
2023-09-25 00:32:11.310268,0
2023-09-25 00:32:14.851136,0
2023-09-25 00:32:18.391631,0
2023-09-25 00:32:21.924398,0
2023-09-25 00:32:25.448505,0
2023-09-25 00:32:28.964475,0
2023-09-25 00:32:32.534421,0
2023-09-25 00:32:36.014014,0
2023-09-25 00:32:39.495500,0
2023-09-25 00:32:46.166342,0
2023-09-25 00:32:49.689275,0
2023-09-25 00:32:53.251543,0
2023-09-25 00:32:56.715005,0
2023-09-25 00:33:00.225124,0
2023-09-25 00:33:03.736596,0
2023-09-25 00:33:07.236067,0
2023-09-25 00:33:10.694545,0
2023-09-25 00:33:14.214519,0
2023-09-25 00:33:17.694388,0
2023-09-25 00:33:21.218018,0
2023-09-25 00:33:24.705694,0
2023-09-25 00:33:28.216598,0
2023-09-25 00:33:31.708300,0
2023-09-25 00:33:35.213045,0
2023-09-25 00:33:38.695360,0
2023-09-25 00:33:42.196660,0
2023-09-25 00:33:45.659421,0
2023-09-25 00:33:49.163602,0
2023-09-25 00:33:52.678589,0
2023-09-25 00:33:56.450080,0
2023-09-25 00:34:00.004463,0
2023-09-25 00:34:03.468409,0
2023-09-25 00:34:06.970826,0
2023-09-25 00:34:10.529587,0
2023-09-25 00:34:14.028868,0
2023-09-25 00:34:17.478023,0
2023-09-25 00:34:20.959419,0
2023-09-25 00:34:24.389735,0
2023-09-25 00:34:27.931666,0
2023-09-25 00:34:31.394231,0
2023-09-25 00:34:34.879663,0
2023-09-25 00:34:48.911296,0
2023-09-25 00:35:04.838403,0
2023-09-25 00:35:08.340356,0
2023-09-25 00:35:11.787414,0
2023-09-25 00:35:15.276817,0
2023-09-25 00:35:18.784879,0
2023-09-25 00:35:22.266221,0
2023-09-25 00:35:25.700762,0
2023-09-25 00:35:29.180269,0
2023-09-25 00:35:32.614264,0
2023-09-25 00:35:36.069080,0
2023-09-25 00:35:39.486773,0
2023-09-25 00:35:42.956432,0
2023-09-25 00:35:46.436091,0
2023-09-25 00:35:49.907583,0
2023-09-25 00:35:53.327789,0
2023-09-25 00:35:56.749000,0
2023-09-25 00:36:00.216119,0
2023-09-25 00:36:03.633924,0
2023-09-25 00:36:07.084550,0
2023-09-25 00:36:10.512110,0
2023-09-25 00:36:14.026125,0
2023-09-25 00:36:17.450199,0
2023-09-25 00:36:20.913418,0
2023-09-25 00:36:24.329447,0
2023-09-25 00:36:27.783789,0
2023-09-25 00:36:31.209757,0
2023-09-25 00:36:34.660717,0
2023-09-25 00:36:38.077273,0
2023-09-25 00:36:41.571764,0
2023-09-25 00:36:44.992081,0
2023-09-25 00:36:48.443281,0
2023-09-25 00:36:51.852074,0
2023-09-25 00:36:55.256580,0
2023-09-25 00:36:58.697642,0
2023-09-25 00:37:02.110477,0
2023-09-25 00:37:05.574085,0
2023-09-25 00:37:09.029864,0
2023-09-25 00:37:12.485799,0
2023-09-25 00:37:15.894542,0
2023-09-25 00:37:19.355114,0
2023-09-25 00:37:22.758273,0
2023-09-25 00:37:26.212210,0
2023-09-25 00:37:29.625021,0
2023-09-25 00:37:33.080226,0
2023-09-25 00:37:36.538614,0
2023-09-25 00:37:40.007562,0
2023-09-25 00:37:43.406926,0
2023-09-25 00:37:46.887296,0
2023-09-25 00:37:50.326873,0
2023-09-25 00:37:53.728787,0
2023-09-25 00:37:57.178065,0
2023-09-25 00:38:00.599565,0
2023-09-25 00:38:04.106773,0
2023-09-25 00:38:07.518296,0
2023-09-25 00:38:16.257248,0
2023-09-25 00:38:19.664830,0
2023-09-25 00:38:23.095930,0
2023-09-25 00:38:26.487769,0
2023-09-25 00:38:29.927455,0
2023-09-25 00:38:33.327257,0
2023-09-25 00:38:36.795460,0
2023-09-25 00:38:40.192367,0
2023-09-25 00:38:43.638011,0
2023-09-25 00:38:47.080327,0
2023-09-25 00:38:50.521735,0
2023-09-25 00:38:53.925664,0
2023-09-25 00:38:57.321399,0
2023-09-25 00:39:00.775729,0
2023-09-25 00:39:04.210674,0
2023-09-25 00:39:07.655984,0
2023-09-25 00:39:14.260498,0
2023-09-25 00:39:17.649725,0
2023-09-25 00:39:21.083315,0
2023-09-25 00:39:24.472091,0
2023-09-25 00:39:27.900520,0
2023-09-25 00:39:31.299658,0
2023-09-25 00:39:34.774536,0
2023-09-25 00:39:38.160392,0
2023-09-25 00:39:41.573154,0
2023-09-25 00:39:44.958674,0
2023-09-25 00:39:48.384817,0
2023-09-25 00:39:51.767151,0
2023-09-25 00:39:55.153898,0
2023-09-25 00:39:58.598249,0
2023-09-25 00:40:02.033164,0
2023-09-25 00:40:05.451781,0
2023-09-25 00:40:08.840642,0
2023-09-25 00:40:12.273701,0
2023-09-25 00:40:15.669466,0
2023-09-25 00:40:19.098840,0
2023-09-25 00:40:22.486432,0
2023-09-25 00:40:25.925023,0
2023-09-25 00:40:29.355738,0
2023-09-25 00:40:32.770539,0
2023-09-25 00:40:36.161523,0
2023-09-25 00:40:39.586881,0
2023-09-25 00:40:42.972231,0
2023-09-25 00:40:46.404080,0
2023-09-25 00:40:49.834077,0
2023-09-25 00:40:53.229980,0
2023-09-25 00:40:56.697852,0
2023-09-25 00:41:00.090294,0
2023-09-25 00:41:03.527193,0
2023-09-25 00:41:06.915400,0
2023-09-25 00:41:10.339190,0
2023-09-25 00:41:13.725505,0
2023-09-25 00:41:17.164443,0
2023-09-25 00:41:20.570538,0
2023-09-25 00:41:24.046179,0
2023-09-25 00:41:27.432781,0
2023-09-25 00:41:30.867110,0
2023-09-25 00:41:34.251740,0
2023-09-25 00:41:37.685888,0
2023-09-25 00:41:41.070452,0
2023-09-25 00:41:44.500483,0
2023-09-25 00:41:47.935926,0
2023-09-25 00:41:51.403788,0
2023-09-25 00:41:54.839328,0
2023-09-25 00:41:58.226068,0
2023-09-25 00:42:01.663407,0
2023-09-25 00:42:05.049783,0
2023-09-25 00:42:08.485666,0
2023-09-25 00:42:11.871551,0
2023-09-25 00:42:15.325876,0
2023-09-25 00:42:18.761365,0
2023-09-25 00:42:22.194509,0
2023-09-25 00:42:25.581373,0
2023-09-25 00:42:29.000381,0
2023-09-25 00:42:32.387553,0
2023-09-25 00:42:35.817140,0
2023-09-25 00:42:39.208277,0
2023-09-25 00:42:42.656596,0
2023-09-25 00:42:46.089800,0
2023-09-25 00:42:49.517401,0
2023-09-25 00:42:52.904523,0
2023-09-25 00:42:56.290283,0
2023-09-25 00:42:59.718419,0
2023-09-25 00:43:03.104043,0
2023-09-25 00:43:06.536413,0
2023-09-25 00:43:09.942328,0
2023-09-25 00:43:13.419819,0
2023-09-25 00:43:16.806784,0
2023-09-25 00:43:20.225483,0
2023-09-25 00:43:23.612252,0
2023-09-25 00:43:27.045672,0
2023-09-25 00:43:30.430690,0
2023-09-25 00:43:33.863263,0
2023-09-25 00:43:37.267353,0
2023-09-25 00:43:40.734710,0
2023-09-25 00:43:44.121989,0
2023-09-25 00:43:47.547504,0
2023-09-25 00:43:50.972093,0
2023-09-25 00:44:14.714306,0
2023-09-25 00:44:18.114703,0
2023-09-25 00:44:21.541716,0
2023-09-25 00:44:24.943581,0
2023-09-25 00:44:28.424869,0
2023-09-25 00:44:31.812283,0
2023-09-25 00:44:35.249224,0
2023-09-25 00:44:38.636008,0
2023-09-25 00:44:42.072957,0
2023-09-25 00:44:45.458416,0
2023-09-25 00:44:48.886925,0
2023-09-25 00:44:52.280053,0
2023-09-25 00:44:55.704208,0
2023-09-25 00:44:59.130394,0
2023-09-25 00:45:02.517906,0
2023-09-25 00:45:05.949315,0
2023-09-25 00:45:09.335720,0
2023-09-25 00:45:12.760542,0
2023-09-25 00:45:16.210881,0
